{"cameraMode":{"drawMode":0,"name":"Shaded","section":"Shading Mode"},"sceneLighting":true,"audioPlay":false,"sceneViewState":{"m_AlwaysRefresh":false,"showFog":true,"showSkybox":true,"showFlares":true,"showImageEffects":true,"showParticleSystems":true,"showVisualEffectGraphs":true,"m_FxEnabled":true},"in2DMode":false,"pivot":{"x":-3.091749668121338,"y":-27.181798934936525,"z":31.124380111694337},"rotation":{"x":0.4473121762275696,"y":0.04558427631855011,"z":-0.022822266444563867,"w":0.8929484486579895},"size":30.830190658569337,"orthographic":false}